user_id,name,age,location,profession,experience_years,professional_summary,about_me,mbti,interests
U001,Deborah Beltran,43,Bangalore,Civil Engineer,2,"Civil Engineer. Strong background in analytics, communication, and project execution across multiple domains.","I am passionate about meaningful work, strong relationships, and lifelong learning.",ISTP,"Travel, Public Speaking, Finance"
U002,Jody Miller,42,Ahmedabad,Teacher,0,Teacher. Dedicated to continuous learning and delivering impactful results through collaboration.,"I value creativity, teamwork, and continuous self-improvement in both personal and professional life.",ISTJ,"Cooking, Artificial Intelligence, Startups"
U003,Cynthia Walsh,38,Bangalore,Doctor,17,Doctor. Passionate about building scalable solutions and contributing to high-performing teams.,"I am passionate about meaningful work, strong relationships, and lifelong learning.",ENFJ,"Gaming, Machine Learning, Fitness"
U004,Steven Summers,44,Ahmedabad,DevOps Engineer,7,"DevOps Engineer. Strong background in analytics, communication, and project execution across multiple domains.","I value creativity, teamwork, and continuous self-improvement in both personal and professional life.",INTJ,"Finance, Cooking, Machine Learning"
U005,Kimberly Prince,42,Hyderabad,UI UX Designer,1,"UI UX Designer. Skilled in problem solving, strategic planning, and developing efficient workflows.",I thrive in collaborative environments and enjoy taking on challenging opportunities.,ESFP,"Travel, Sports, Music"
U006,Julie Smith,42,Ahmedabad,Software Engineer,10,"Software Engineer. Strong background in analytics, communication, and project execution across multiple domains.","I am passionate about meaningful work, strong relationships, and lifelong learning.",ENFJ,"Sports, Music, Artificial Intelligence"
U007,Paul Oconnell,31,Ahmedabad,Mechanical Engineer,8,"Mechanical Engineer. Strong background in analytics, communication, and project execution across multiple domains.","I value creativity, teamwork, and continuous self-improvement in both personal and professional life.",INTP,"Artificial Intelligence, Startups, Gaming"
U008,Linda Maxwell,30,Mumbai,Entrepreneur,16,Entrepreneur. Experienced professional focused on innovation and solving complex business challenges using modern technologies.,"I value creativity, teamwork, and continuous self-improvement in both personal and professional life.",ESTP,"Fitness, Technology, Startups"
U009,Debra Hernandez,22,Kolkata,UI UX Designer,16,"UI UX Designer. Strong background in analytics, communication, and project execution across multiple domains.",I thrive in collaborative environments and enjoy taking on challenging opportunities.,ENTP,"Public Speaking, Gaming, Cooking"
U010,Dwayne Jordan,37,Chennai,Business Analyst,16,"Business Analyst. Strong background in analytics, communication, and project execution across multiple domains.","I value creativity, teamwork, and continuous self-improvement in both personal and professional life.",ISFP,"Cooking, Reading, Travel"
U011,Denise Sanchez,37,Hyderabad,UI UX Designer,0,UI UX Designer. Experienced professional focused on innovation and solving complex business challenges using modern technologies.,"I am passionate about meaningful work, strong relationships, and lifelong learning.",ISFJ,"Sports, Finance, Cooking"
U012,Matthew Williams,32,Coimbatore,Civil Engineer,11,"Civil Engineer. Strong background in analytics, communication, and project execution across multiple domains.","I value creativity, teamwork, and continuous self-improvement in both personal and professional life.",ISFP,"Finance, Artificial Intelligence, Startups"
U013,Heather Stewart,25,Kolkata,Doctor,10,Doctor. Passionate about building scalable solutions and contributing to high-performing teams.,"I value creativity, teamwork, and continuous self-improvement in both personal and professional life.",INFJ,"Photography, Machine Learning, Travel"
U014,Nicole Jones,44,Mumbai,Software Engineer,3,"Software Engineer. Strong background in analytics, communication, and project execution across multiple domains.","I enjoy mentoring others, learning new skills, and exploring innovative ideas.",INFJ,"Sports, Fitness, Machine Learning"
U015,Eric Edwards,29,Bangalore,AI Researcher,19,AI Researcher. Experienced professional focused on innovation and solving complex business challenges using modern technologies.,I thrive in collaborative environments and enjoy taking on challenging opportunities.,ISFJ,"Finance, Cooking, Music"
U016,Larry English,36,Coimbatore,Data Scientist,5,"Data Scientist. Skilled in problem solving, strategic planning, and developing efficient workflows.","I value creativity, teamwork, and continuous self-improvement in both personal and professional life.",INTJ,"Finance, Gaming, Artificial Intelligence"
U017,Steven Chapman PhD,23,Kolkata,Marketing Specialist,18,"Marketing Specialist. Strong background in analytics, communication, and project execution across multiple domains.","I value creativity, teamwork, and continuous self-improvement in both personal and professional life.",ENTJ,"Fitness, Artificial Intelligence, Machine Learning"
U018,Jeanette Chambers,22,Visakhapatnam,AI Researcher,6,AI Researcher. Dedicated to continuous learning and delivering impactful results through collaboration.,"I enjoy mentoring others, learning new skills, and exploring innovative ideas.",ISFJ,"Machine Learning, Fitness, Reading"
U019,William Kelly,24,Chennai,Mechanical Engineer,16,Mechanical Engineer. Passionate about building scalable solutions and contributing to high-performing teams.,"I value creativity, teamwork, and continuous self-improvement in both personal and professional life.",INFJ,"Mentoring, Gaming, Technology"
U020,Sarah Wilkinson,27,Bangalore,Civil Engineer,9,Civil Engineer. Experienced professional focused on innovation and solving complex business challenges using modern technologies.,"I am passionate about meaningful work, strong relationships, and lifelong learning.",ENFP,"Technology, Travel, Gaming"
U021,William French,43,Kolkata,Business Analyst,6,Business Analyst. Experienced professional focused on innovation and solving complex business challenges using modern technologies.,I enjoy solving real-world problems and collaborating with people who share a growth mindset.,ESFJ,"Machine Learning, Music, Technology"
U022,Kathryn George,32,Visakhapatnam,DevOps Engineer,9,"DevOps Engineer. Skilled in problem solving, strategic planning, and developing efficient workflows.",I thrive in collaborative environments and enjoy taking on challenging opportunities.,ESTJ,"Travel, Mentoring, Machine Learning"
U023,Lori Bridges,40,Ahmedabad,Product Manager,6,Product Manager. Experienced professional focused on innovation and solving complex business challenges using modern technologies.,"I enjoy mentoring others, learning new skills, and exploring innovative ideas.",ESFJ,"Photography, Reading, Public Speaking"
U024,Danielle Obrien,41,Hyderabad,Teacher,1,"Teacher. Strong background in analytics, communication, and project execution across multiple domains.","I am passionate about meaningful work, strong relationships, and lifelong learning.",INFJ,"Machine Learning, Sports, Fitness"
U025,James Olson,25,Delhi,Cyber Security Analyst,14,Cyber Security Analyst. Dedicated to continuous learning and delivering impactful results through collaboration.,I thrive in collaborative environments and enjoy taking on challenging opportunities.,ESFJ,"Finance, Sports, Cooking"
U026,Kimberly Curtis,24,Kolkata,AI Researcher,11,"AI Researcher. Strong background in analytics, communication, and project execution across multiple domains.",I enjoy solving real-world problems and collaborating with people who share a growth mindset.,INTP,"Gaming, Cooking, Startups"
U027,Pamela Mejia,29,Chennai,AI Researcher,20,AI Researcher. Passionate about building scalable solutions and contributing to high-performing teams.,"I enjoy mentoring others, learning new skills, and exploring innovative ideas.",INFP,"Fitness, Startups, Reading"
U028,Yolanda Miller,21,Ahmedabad,Financial Analyst,2,"Financial Analyst. Skilled in problem solving, strategic planning, and developing efficient workflows.","I enjoy mentoring others, learning new skills, and exploring innovative ideas.",ENTJ,"Reading, Cooking, Technology"
U029,Rebecca Figueroa,39,Kolkata,Civil Engineer,4,"Civil Engineer. Skilled in problem solving, strategic planning, and developing efficient workflows.","I am passionate about meaningful work, strong relationships, and lifelong learning.",INFP,"Travel, Finance, Public Speaking"
U030,Thomas Valenzuela,25,Coimbatore,Project Manager,5,Project Manager. Experienced professional focused on innovation and solving complex business challenges using modern technologies.,I thrive in collaborative environments and enjoy taking on challenging opportunities.,INFJ,"Music, Technology, Fitness"
U031,Dana White,45,Visakhapatnam,Data Scientist,12,Data Scientist. Experienced professional focused on innovation and solving complex business challenges using modern technologies.,"I am passionate about meaningful work, strong relationships, and lifelong learning.",ESFP,"Music, Travel, Sports"
U032,Maria Miller PhD,36,Chennai,Marketing Specialist,13,Marketing Specialist. Passionate about building scalable solutions and contributing to high-performing teams.,"I enjoy mentoring others, learning new skills, and exploring innovative ideas.",ENFJ,"Sports, Reading, Finance"
U033,Mr. James Robinson,29,Kolkata,Software Engineer,7,Software Engineer. Passionate about building scalable solutions and contributing to high-performing teams.,"I value creativity, teamwork, and continuous self-improvement in both personal and professional life.",ENTP,"Public Speaking, Startups, Mentoring"
U034,Jeremy Johnson,38,Coimbatore,Software Engineer,7,Software Engineer. Dedicated to continuous learning and delivering impactful results through collaboration.,I thrive in collaborative environments and enjoy taking on challenging opportunities.,ISFJ,"Public Speaking, Travel, Gaming"
U035,Richard Dodson,32,Ahmedabad,Mechanical Engineer,1,Mechanical Engineer. Passionate about building scalable solutions and contributing to high-performing teams.,I enjoy solving real-world problems and collaborating with people who share a growth mindset.,INTJ,"Gaming, Machine Learning, Public Speaking"
U036,Kelly Nunez,37,Pune,Product Manager,8,"Product Manager. Skilled in problem solving, strategic planning, and developing efficient workflows.","I am passionate about meaningful work, strong relationships, and lifelong learning.",INFJ,"Machine Learning, Travel, Public Speaking"
U037,Jeffrey Perkins,32,Bangalore,Project Manager,3,Project Manager. Experienced professional focused on innovation and solving complex business challenges using modern technologies.,"I am passionate about meaningful work, strong relationships, and lifelong learning.",INTP,"Sports, Machine Learning, Public Speaking"
U038,Kathryn Middleton,37,Bangalore,Machine Learning Engineer,19,Machine Learning Engineer. Experienced professional focused on innovation and solving complex business challenges using modern technologies.,I thrive in collaborative environments and enjoy taking on challenging opportunities.,ISFP,"Artificial Intelligence, Machine Learning, Sports"
U039,Melissa Jordan,44,Delhi,Data Scientist,10,Data Scientist. Experienced professional focused on innovation and solving complex business challenges using modern technologies.,"I value creativity, teamwork, and continuous self-improvement in both personal and professional life.",ESTJ,"Photography, Technology, Public Speaking"
U040,Angel Kane,27,Ahmedabad,AI Researcher,16,AI Researcher. Passionate about building scalable solutions and contributing to high-performing teams.,"I value creativity, teamwork, and continuous self-improvement in both personal and professional life.",ENFP,"Sports, Artificial Intelligence, Music"
U041,Travis Andrews,33,Pune,UI UX Designer,2,UI UX Designer. Experienced professional focused on innovation and solving complex business challenges using modern technologies.,I enjoy solving real-world problems and collaborating with people who share a growth mindset.,ESTJ,"Mentoring, Sports, Photography"
U042,Deborah Kerr,42,Hyderabad,Civil Engineer,7,"Civil Engineer. Strong background in analytics, communication, and project execution across multiple domains.","I am passionate about meaningful work, strong relationships, and lifelong learning.",INTJ,"Mentoring, Cooking, Fitness"
U043,Jordan Watson,44,Pune,Project Manager,14,Project Manager. Dedicated to continuous learning and delivering impactful results through collaboration.,"I am passionate about meaningful work, strong relationships, and lifelong learning.",ENFP,"Travel, Photography, Reading"
U044,Jason Phillips,43,Hyderabad,Cloud Engineer,18,Cloud Engineer. Experienced professional focused on innovation and solving complex business challenges using modern technologies.,I thrive in collaborative environments and enjoy taking on challenging opportunities.,ENTP,"Fitness, Gaming, Machine Learning"
U045,Susan Rios,26,Bangalore,Financial Analyst,10,Financial Analyst. Passionate about building scalable solutions and contributing to high-performing teams.,"I enjoy mentoring others, learning new skills, and exploring innovative ideas.",ISFJ,"Artificial Intelligence, Music, Travel"
U046,Christopher Carr,30,Visakhapatnam,Cloud Engineer,8,"Cloud Engineer. Strong background in analytics, communication, and project execution across multiple domains.","I am passionate about meaningful work, strong relationships, and lifelong learning.",ENTJ,"Public Speaking, Music, Startups"
U047,Jacob Robles,28,Mumbai,Cyber Security Analyst,3,Cyber Security Analyst. Passionate about building scalable solutions and contributing to high-performing teams.,I enjoy solving real-world problems and collaborating with people who share a growth mindset.,ENTJ,"Sports, Startups, Technology"
U048,Jeffrey Peterson,33,Kolkata,Project Manager,1,"Project Manager. Skilled in problem solving, strategic planning, and developing efficient workflows.",I thrive in collaborative environments and enjoy taking on challenging opportunities.,ISFJ,"Artificial Intelligence, Technology, Travel"
U049,Tiffany Orr,38,Chennai,Cloud Engineer,16,"Cloud Engineer. Strong background in analytics, communication, and project execution across multiple domains.",I enjoy solving real-world problems and collaborating with people who share a growth mindset.,ESTP,"Reading, Cooking, Artificial Intelligence"
U050,Ashley Francis,35,Mumbai,Entrepreneur,7,"Entrepreneur. Skilled in problem solving, strategic planning, and developing efficient workflows.","I enjoy mentoring others, learning new skills, and exploring innovative ideas.",ENTP,"Artificial Intelligence, Technology, Fitness"
U051,Hayley Campbell,38,Coimbatore,Civil Engineer,9,"Civil Engineer. Skilled in problem solving, strategic planning, and developing efficient workflows.","I value creativity, teamwork, and continuous self-improvement in both personal and professional life.",ENFP,"Sports, Finance, Photography"
U052,Katie Cooke,37,Delhi,DevOps Engineer,7,DevOps Engineer. Experienced professional focused on innovation and solving complex business challenges using modern technologies.,"I value creativity, teamwork, and continuous self-improvement in both personal and professional life.",ENTP,"Cooking, Machine Learning, Mentoring"
U053,Jessica Reyes,42,Visakhapatnam,Product Manager,9,Product Manager. Experienced professional focused on innovation and solving complex business challenges using modern technologies.,I enjoy solving real-world problems and collaborating with people who share a growth mindset.,INTJ,"Finance, Technology, Mentoring"
U054,Anthony Perkins,26,Visakhapatnam,Entrepreneur,1,Entrepreneur. Passionate about building scalable solutions and contributing to high-performing teams.,"I enjoy mentoring others, learning new skills, and exploring innovative ideas.",ISTJ,"Reading, Photography, Sports"
U055,Sandra Sanchez,25,Kolkata,Software Engineer,16,Software Engineer. Dedicated to continuous learning and delivering impactful results through collaboration.,"I enjoy mentoring others, learning new skills, and exploring innovative ideas.",ISTJ,"Travel, Startups, Photography"
U056,Jeffery Campbell,23,Visakhapatnam,Entrepreneur,6,Entrepreneur. Experienced professional focused on innovation and solving complex business challenges using modern technologies.,"I value creativity, teamwork, and continuous self-improvement in both personal and professional life.",INTP,"Artificial Intelligence, Cooking, Public Speaking"
U057,Julie Patterson,29,Coimbatore,Business Analyst,18,"Business Analyst. Skilled in problem solving, strategic planning, and developing efficient workflows.","I enjoy mentoring others, learning new skills, and exploring innovative ideas.",ENTP,"Sports, Photography, Fitness"
U058,Courtney Welch,44,Hyderabad,Civil Engineer,13,"Civil Engineer. Skilled in problem solving, strategic planning, and developing efficient workflows.",I enjoy solving real-world problems and collaborating with people who share a growth mindset.,ESFP,"Technology, Machine Learning, Public Speaking"
U059,Richard Richardson,29,Pune,Product Manager,9,Product Manager. Experienced professional focused on innovation and solving complex business challenges using modern technologies.,"I enjoy mentoring others, learning new skills, and exploring innovative ideas.",INTJ,"Mentoring, Photography, Reading"
U060,Troy Smith II,23,Delhi,Business Analyst,4,"Business Analyst. Strong background in analytics, communication, and project execution across multiple domains.","I am passionate about meaningful work, strong relationships, and lifelong learning.",INTJ,"Sports, Technology, Fitness"
U061,Paul Russo,42,Bangalore,Product Manager,11,Product Manager. Dedicated to continuous learning and delivering impactful results through collaboration.,I enjoy solving real-world problems and collaborating with people who share a growth mindset.,ESTP,"Technology, Reading, Gaming"
U062,Nicholas Lewis,27,Bangalore,Marketing Specialist,11,"Marketing Specialist. Skilled in problem solving, strategic planning, and developing efficient workflows.",I thrive in collaborative environments and enjoy taking on challenging opportunities.,ENFP,"Public Speaking, Sports, Machine Learning"
U063,Jordan Harris,44,Bangalore,Mechanical Engineer,16,Mechanical Engineer. Experienced professional focused on innovation and solving complex business challenges using modern technologies.,"I value creativity, teamwork, and continuous self-improvement in both personal and professional life.",ENTJ,"Artificial Intelligence, Finance, Music"
U064,Kimberly Jensen,39,Bangalore,UI UX Designer,17,"UI UX Designer. Strong background in analytics, communication, and project execution across multiple domains.",I enjoy solving real-world problems and collaborating with people who share a growth mindset.,INTJ,"Cooking, Fitness, Startups"
U065,Dorothy Stewart,30,Pune,Civil Engineer,5,Civil Engineer. Passionate about building scalable solutions and contributing to high-performing teams.,"I enjoy mentoring others, learning new skills, and exploring innovative ideas.",ISTJ,"Finance, Public Speaking, Cooking"
U066,Sue Chang,35,Coimbatore,Business Analyst,18,"Business Analyst. Skilled in problem solving, strategic planning, and developing efficient workflows.",I thrive in collaborative environments and enjoy taking on challenging opportunities.,ENTJ,"Photography, Public Speaking, Mentoring"
U067,William Williams,28,Kolkata,Cloud Engineer,10,"Cloud Engineer. Strong background in analytics, communication, and project execution across multiple domains.","I enjoy mentoring others, learning new skills, and exploring innovative ideas.",INTJ,"Gaming, Fitness, Public Speaking"
U068,Thomas Gonzalez,21,Coimbatore,Project Manager,9,Project Manager. Dedicated to continuous learning and delivering impactful results through collaboration.,I thrive in collaborative environments and enjoy taking on challenging opportunities.,ESTP,"Reading, Machine Learning, Technology"
U069,Robert Sampson,44,Hyderabad,Project Manager,3,Project Manager. Passionate about building scalable solutions and contributing to high-performing teams.,I enjoy solving real-world problems and collaborating with people who share a growth mindset.,INTJ,"Technology, Finance, Music"
U070,Beth Wilson,28,Coimbatore,Machine Learning Engineer,6,"Machine Learning Engineer. Strong background in analytics, communication, and project execution across multiple domains.","I enjoy mentoring others, learning new skills, and exploring innovative ideas.",ISTJ,"Gaming, Machine Learning, Artificial Intelligence"
U071,Andrew Hampton,34,Ahmedabad,UI UX Designer,16,"UI UX Designer. Skilled in problem solving, strategic planning, and developing efficient workflows.","I enjoy mentoring others, learning new skills, and exploring innovative ideas.",ENFP,"Mentoring, Photography, Travel"
U072,Jose Cooper,25,Visakhapatnam,DevOps Engineer,14,DevOps Engineer. Dedicated to continuous learning and delivering impactful results through collaboration.,"I am passionate about meaningful work, strong relationships, and lifelong learning.",ENTP,"Startups, Travel, Artificial Intelligence"
U073,Laurie Weber DDS,42,Bangalore,Teacher,2,Teacher. Passionate about building scalable solutions and contributing to high-performing teams.,"I enjoy mentoring others, learning new skills, and exploring innovative ideas.",ISTJ,"Sports, Cooking, Reading"
U074,Devon Parsons,26,Ahmedabad,Business Analyst,20,Business Analyst. Passionate about building scalable solutions and contributing to high-performing teams.,I enjoy solving real-world problems and collaborating with people who share a growth mindset.,INFJ,"Fitness, Artificial Intelligence, Startups"
U075,Deborah Clark,42,Pune,Project Manager,17,Project Manager. Dedicated to continuous learning and delivering impactful results through collaboration.,I thrive in collaborative environments and enjoy taking on challenging opportunities.,INTP,"Reading, Photography, Music"
U076,Vanessa Ward,30,Mumbai,Cloud Engineer,0,"Cloud Engineer. Skilled in problem solving, strategic planning, and developing efficient workflows.",I thrive in collaborative environments and enjoy taking on challenging opportunities.,ENTJ,"Fitness, Startups, Sports"
U077,David Chavez,43,Coimbatore,DevOps Engineer,0,DevOps Engineer. Dedicated to continuous learning and delivering impactful results through collaboration.,"I am passionate about meaningful work, strong relationships, and lifelong learning.",ISTJ,"Music, Startups, Mentoring"
U078,Ashley Macias,40,Mumbai,Business Analyst,17,Business Analyst. Experienced professional focused on innovation and solving complex business challenges using modern technologies.,"I enjoy mentoring others, learning new skills, and exploring innovative ideas.",ENTJ,"Machine Learning, Startups, Cooking"
U079,Jerry Davis,43,Chennai,Product Manager,19,Product Manager. Passionate about building scalable solutions and contributing to high-performing teams.,I enjoy solving real-world problems and collaborating with people who share a growth mindset.,ENTJ,"Travel, Photography, Mentoring"
U080,Jillian Perez,22,Delhi,Product Manager,11,Product Manager. Dedicated to continuous learning and delivering impactful results through collaboration.,"I value creativity, teamwork, and continuous self-improvement in both personal and professional life.",INTP,"Technology, Startups, Finance"
U081,Becky Smith,25,Mumbai,Project Manager,13,Project Manager. Passionate about building scalable solutions and contributing to high-performing teams.,"I am passionate about meaningful work, strong relationships, and lifelong learning.",ISFJ,"Travel, Reading, Finance"
U082,Katelyn Brown,22,Pune,Software Engineer,3,Software Engineer. Dedicated to continuous learning and delivering impactful results through collaboration.,"I value creativity, teamwork, and continuous self-improvement in both personal and professional life.",ENFJ,"Travel, Music, Artificial Intelligence"
U083,Debbie Williams,27,Pune,Civil Engineer,1,Civil Engineer. Dedicated to continuous learning and delivering impactful results through collaboration.,I thrive in collaborative environments and enjoy taking on challenging opportunities.,ENTJ,"Startups, Cooking, Fitness"
U084,Misty Sanchez,33,Bangalore,Cyber Security Analyst,11,Cyber Security Analyst. Experienced professional focused on innovation and solving complex business challenges using modern technologies.,"I enjoy mentoring others, learning new skills, and exploring innovative ideas.",ISFP,"Technology, Travel, Artificial Intelligence"
U085,Katherine Fisher,31,Ahmedabad,Entrepreneur,12,Entrepreneur. Passionate about building scalable solutions and contributing to high-performing teams.,"I am passionate about meaningful work, strong relationships, and lifelong learning.",ENTJ,"Gaming, Fitness, Reading"
U086,Ricky Brown,41,Hyderabad,Cyber Security Analyst,14,Cyber Security Analyst. Passionate about building scalable solutions and contributing to high-performing teams.,I enjoy solving real-world problems and collaborating with people who share a growth mindset.,ESTJ,"Technology, Finance, Artificial Intelligence"
U087,Rick Morris,33,Delhi,UI UX Designer,0,UI UX Designer. Passionate about building scalable solutions and contributing to high-performing teams.,"I am passionate about meaningful work, strong relationships, and lifelong learning.",ESFJ,"Cooking, Technology, Gaming"
U088,Julie Rodriguez,27,Bangalore,DevOps Engineer,5,"DevOps Engineer. Skilled in problem solving, strategic planning, and developing efficient workflows.","I enjoy mentoring others, learning new skills, and exploring innovative ideas.",ESFJ,"Reading, Cooking, Technology"
U089,James Gibson,37,Chennai,UI UX Designer,14,UI UX Designer. Dedicated to continuous learning and delivering impactful results through collaboration.,"I enjoy mentoring others, learning new skills, and exploring innovative ideas.",ISFJ,"Startups, Gaming, Machine Learning"
U090,Roberto Powell,43,Visakhapatnam,Machine Learning Engineer,6,"Machine Learning Engineer. Skilled in problem solving, strategic planning, and developing efficient workflows.",I thrive in collaborative environments and enjoy taking on challenging opportunities.,ESTP,"Technology, Sports, Mentoring"
U091,Devon Knox,23,Hyderabad,Teacher,2,Teacher. Passionate about building scalable solutions and contributing to high-performing teams.,"I value creativity, teamwork, and continuous self-improvement in both personal and professional life.",INFP,"Travel, Cooking, Artificial Intelligence"
U092,Carla Leonard,38,Pune,Financial Analyst,15,"Financial Analyst. Skilled in problem solving, strategic planning, and developing efficient workflows.","I enjoy mentoring others, learning new skills, and exploring innovative ideas.",ISTJ,"Gaming, Public Speaking, Technology"
U093,Tonya Martin,38,Coimbatore,Business Analyst,1,"Business Analyst. Strong background in analytics, communication, and project execution across multiple domains.","I enjoy mentoring others, learning new skills, and exploring innovative ideas.",ESTJ,"Fitness, Machine Learning, Public Speaking"
U094,Steven Maldonado,45,Pune,Mechanical Engineer,17,Mechanical Engineer. Experienced professional focused on innovation and solving complex business challenges using modern technologies.,"I am passionate about meaningful work, strong relationships, and lifelong learning.",ENTP,"Startups, Fitness, Public Speaking"
U095,Carrie Buck,43,Pune,UI UX Designer,17,UI UX Designer. Experienced professional focused on innovation and solving complex business challenges using modern technologies.,I enjoy solving real-world problems and collaborating with people who share a growth mindset.,ESTP,"Startups, Mentoring, Finance"
U096,Nicole Tate,30,Pune,Product Manager,19,Product Manager. Passionate about building scalable solutions and contributing to high-performing teams.,"I am passionate about meaningful work, strong relationships, and lifelong learning.",INTJ,"Machine Learning, Sports, Public Speaking"
U097,Jodi Greer,37,Visakhapatnam,Marketing Specialist,14,Marketing Specialist. Dedicated to continuous learning and delivering impactful results through collaboration.,I thrive in collaborative environments and enjoy taking on challenging opportunities.,ISTP,"Artificial Intelligence, Gaming, Music"
U098,Cheyenne Sweeney,37,Kolkata,Marketing Specialist,8,"Marketing Specialist. Strong background in analytics, communication, and project execution across multiple domains.","I am passionate about meaningful work, strong relationships, and lifelong learning.",ISTP,"Gaming, Finance, Startups"
U099,Austin Acosta,31,Bangalore,Machine Learning Engineer,17,"Machine Learning Engineer. Skilled in problem solving, strategic planning, and developing efficient workflows.",I thrive in collaborative environments and enjoy taking on challenging opportunities.,ENFJ,"Machine Learning, Travel, Artificial Intelligence"
U100,Jennifer Wallace,27,Kolkata,UI UX Designer,0,UI UX Designer. Passionate about building scalable solutions and contributing to high-performing teams.,"I enjoy mentoring others, learning new skills, and exploring innovative ideas.",ENTJ,"Sports, Mentoring, Artificial Intelligence"
